id,IndustryPerformance,CompetitiveLandscape
10897626,High,Medium
10462787,Low,Medium
10516559,Medium,Medium
10487462,High,High
10416004,Low,High
10140467,Medium,High
10451840,High,High
10155743,High,High
10356394,High,High
10712728,High,High
10077948,High,High
10898398,High,High
10927021,Low,High
10413695,Low,High
10415481,Low,High
10543116,Low,High
10698685,Low,Low
10312422,Low,Medium
10572498,Low,Low
10163950,Medium,Low
10807150,Medium,Medium
10389457,Medium,Medium
10743341,Medium,Low
10549245,Medium,Medium
10093937,Medium,Low
10015956,High,Medium
10154313,Low,Medium
10352555,Low,Medium
10727801,High,Low
10271898,Low,Low
10628339,Low,Low
10344238,High,Low
10308699,High,Medium
10091238,High,Medium
10416925,Low,Low
10488690,Low,Medium
10054081,Medium,Low
10269441,Medium,Low
10636486,Medium,Medium
10545349,High,Medium
10042248,Low,Low
10759477,Low,Low
10691443,Low,Low
10405567,Low,Low
10094574,High,Low
10280627,High,Low
10837476,Low,Low
10622787,Low,Low
10281426,High,Low
10300532,High,Low
10453014,Low,Low
10582418,High,Low
10567734,Low,Low
10791953,Medium,Low
10070628,Medium,Low
10348880,High,Low
10777822,High,Low
10959920,High,Medium
10680055,Medium,Low
10952907,Medium,Low
10396675,Medium,Low
10427012,High,Low
10844364,High,Low
10316450,Medium,Low
10237610,Medium,Low
10487157,High,Low
10989816,Low,Low
10649462,Low,High
10034835,Low,High
10257220,Low,High
10843973,Low,High
10144281,High,High
10904802,High,High
10653527,Low,High
10511173,High,Medium
10114697,Low,Low
10173114,High,Medium
10791816,High,Medium
10775827,Medium,Low
10842905,High,Medium
10258713,Medium,Low
10070187,High,Medium
10516968,High,Low
10112646,High,Low
10443956,High,Medium
10711669,High,Low
10782173,Medium,Low
10565597,High,Medium
10222119,Medium,Low
10401655,Medium,Low
10493096,High,Low
10104644,High,Low
10596048,Medium,Low
10761083,High,Low
10268384,Low,Low
10273555,Low,Low
10590228,Low,Low
10787424,Low,Low
10665198,High,Low
10385127,High,Low
10805200,Low,Low
10516749,High,Medium
10924380,Low,Low
10388664,High,Medium
10085699,Medium,Low
10531630,High,Medium
10413231,High,Medium
10499063,High,Medium
10706025,High,Medium
10763672,Low,Medium
10509855,Medium,Medium
10115595,High,Low
10864734,Low,Low
10409740,Medium,Low
10188185,High,Low
10645349,High,Medium
10058635,High,Medium
10068374,High,Low
10115607,High,Medium
10157819,High,Low
10752592,Low,Low
10108754,Low,Medium
10468870,Low,Medium
10021694,Low,Medium
10801308,Low,Low
10822905,Low,Medium
10235164,Low,Low
10966686,Medium,Low
10042289,Medium,Medium
10199679,Medium,Medium
10789162,Medium,Low
10105383,Medium,Medium
10216923,Medium,Low
10608588,High,Medium
10430728,Low,Medium
10784679,Low,Medium
10785469,High,Low
10944508,Low,Low
10906632,Low,Low
10709203,High,Low
10161403,High,Medium
10960965,High,Medium
10751595,Low,Low
10957820,Medium,High
10327653,Low,High
10822003,Low,High
10481804,Low,High
10637778,Low,High
10335040,Medium,High
10933381,High,High
10836223,Medium,High
10270516,High,High
10005409,Low,High
10495245,Low,High
10871067,Low,High
10359211,Low,High
10612045,Low,High
10325001,Medium,Medium
10135656,Medium,High
10261636,Medium,High
10502797,High,High
10831501,Low,High
10607941,Medium,High
10752155,High,High
10303885,Low,High
10734707,Low,High
10519389,High,High
10943291,Medium,High
10801846,Low,High
10009277,Low,Low
10320748,Low,Low
10244145,Low,Low
10966587,Low,Low
10685591,Low,Low
10841648,Low,Low
10015128,Low,Low
10524742,Low,Low
10278991,Low,Low
10086098,Low,Low
10093222,High,Low
10877268,Low,Low
10761594,Medium,Low
10070819,Low,Low
10303365,High,Low
10858461,Medium,Low
10812094,High,Low
10436786,Low,High
10443495,Low,High
10293964,Low,High
10109570,Low,High
10391882,Low,High
10984342,Medium,Medium
10459192,Medium,Medium
10561572,Medium,High
10800105,Medium,High
10756243,Low,High
10045373,Low,High
10319227,Low,High
10059382,Medium,High
10812403,Low,High
10058095,High,High
10260453,Medium,High
10691126,High,High
10012888,High,High
10591000,Low,High
10245428,Low,High
10536737,High,High
10342075,Medium,High
10935877,Low,High
10226808,Low,High
10816576,Low,High
10303557,Low,High
10098940,Low,High
10744436,Low,High
10988523,Low,High
10771909,High,High
10724960,Low,High
10471127,High,High
10568826,Medium,High
10724706,Low,High
10274869,High,High
10611957,Low,High
10909276,Medium,High
10385123,High,High
10456425,Low,High
10215391,Low,High
10632185,High,Medium
10229490,Medium,Medium
10892375,Low,Medium
10193414,Low,Medium
10565967,Low,Medium
10520698,Low,Medium
10373692,Low,Medium
10489526,Low,Medium
10117882,Low,Medium
10258779,Medium,Medium
10034758,Low,Medium
10831702,Low,High
10009439,Low,High
10126749,Low,High
10504261,Medium,High
10092282,High,High
10519558,Medium,High
10270294,High,High
10306518,Low,High
10769253,Low,High
10957475,Low,High
10051502,Low,High
10577492,Low,High
10144668,Medium,Medium
10749180,High,Medium
10457095,Low,Medium
10327630,Medium,Medium
10670945,High,High
10990255,Low,High
10433893,Medium,High
10541859,High,High
10900321,High,High
10965708,High,High
10018212,High,High
10859306,High,High
10557323,High,High
10216661,Low,High
10174975,Low,High
10034387,Low,High
10138828,Low,High
10539819,Low,Low
10862205,Low,Medium
10486982,Low,Low
10522281,Medium,Low
10280969,Medium,Medium
10019319,Medium,Medium
10204969,Medium,Low
10171817,Medium,Medium
10496422,Medium,Low
10931638,High,Medium
10851646,Low,Medium
10617720,Low,Medium
10047745,High,Low
10794155,Low,Low
10359421,Low,Low
10741471,High,Low
10667321,High,Medium
10593631,High,Medium
10419040,Low,Low
10070407,Low,Medium
10690806,Medium,Low
10748403,Medium,Low
10415466,Medium,Medium
10222166,High,Medium
10904142,Low,Low
10846780,Low,Low
10515169,Low,Low
10682747,Low,Low
10570633,High,Low
10545502,High,Low
10454073,Low,Low
10037420,Low,Low
10247561,High,Low
10480982,High,Low
10232887,Low,Low
10431763,High,Low
10413632,Low,Low
10020383,Medium,Low
10018469,Medium,Low
10072882,High,Low
10525324,High,Low
10998072,High,Medium
10430091,Medium,Low
10037356,Medium,Low
10992292,Medium,Low
10814891,High,Low
10029749,High,Low
10182240,Medium,Low
10952473,Medium,Low
10249746,High,Low
10204361,Low,Low
10087485,Low,High
10173445,Low,High
10891490,Low,High
10826299,Low,High
10394576,High,High
10999858,High,High
10999887,Low,High
10933355,High,Medium
10745766,Low,Low
10048702,High,Medium
10730885,High,Medium
10287572,Medium,Low
10776635,High,Medium
10973892,Medium,Low
10089616,High,Medium
10464503,High,Low
10121733,High,Low
10717436,High,Medium
10738789,High,Low
10814132,Medium,Low
10803138,High,Medium
10293858,Medium,Low
10155097,Medium,Low
10356090,High,Low
10861589,High,Low
10748651,Medium,Low
10424474,High,Low
10920032,Low,Low
10773313,Low,Low
10975045,Low,Low
10569098,Low,Low
10449165,High,Low
10076438,High,Low
10165837,Low,Low
10353719,High,Medium
10807731,Low,Low
10307927,High,Medium
10476957,Medium,Low
10547664,High,Medium
10208405,High,Medium
10021253,High,Medium
10524392,High,Medium
10176990,Low,Medium
10801837,Medium,Medium
10276596,High,Low
10502077,Low,Low
10845870,Medium,Low
10294357,High,Low
10832745,High,Medium
10655978,High,Medium
10942078,High,Low
10844424,High,Medium
10501454,High,Low
10471790,Low,Low
10062525,Low,Medium
10531578,Low,Medium
10178222,Low,Medium
10786995,Low,Low
10314284,Low,Medium
10382196,Low,Low
10270418,Medium,Low
10879352,Medium,Medium
10763816,Medium,Medium
10889834,Medium,Low
10260289,Medium,Medium
10732622,Medium,Low
10625032,High,Medium
10334172,Low,Medium
10880818,Low,Medium
10567077,High,Low
10011814,Low,Low
10569654,Low,Low
10397935,High,Low
10285314,High,Medium
10400424,High,Medium
10685741,Low,Low
10381776,Medium,High
10730106,Low,High
10975960,Low,High
10522651,Low,High
10875544,Low,High
10738637,Medium,High
10064237,High,High
10124681,Medium,High
10441696,High,High
10166398,Low,High
10118121,Low,High
10942787,Low,High
10092403,Low,High
10927431,Low,High
10085924,Medium,Medium
10165602,Medium,High
10454527,Medium,High
10875273,High,High
10556222,Low,High
10037047,Medium,High
10829373,High,High
10659537,Low,High
10906669,Low,High
10617035,High,High
10053333,Medium,High
10915994,Low,High
10079306,Low,Low
10867894,Low,Low
10358992,Low,Low
10577104,Low,Low
10918127,Low,Low
10172233,Low,Low
10665175,Low,Low
10259913,Low,Low
10045709,Low,Low
10611725,Low,Low
10740478,High,Low
10982422,Low,Low
10556561,Medium,Low
10945629,Low,Low
10586741,High,Low
10908102,Medium,Low
10146689,High,Low
10891466,Low,High
10846271,Low,High
10647271,Low,High
10423261,Low,High
10349201,Low,High
10562825,Medium,Medium
10592736,Medium,Medium
10271050,Medium,High
10510512,Medium,High
10250578,Low,High
10232376,Low,High
10206892,Low,High
10458850,Medium,High
10823367,Low,High
10133005,High,High
10835984,Medium,High
10947253,High,High
10513041,High,High
10567303,Low,High
10068876,Low,High
10189896,High,High
10001910,Medium,High
10996899,Low,High
10333396,Low,High
10941588,Low,High
10408885,Low,High
10491982,Low,High
10362399,Low,High
10195056,Low,High
10666773,High,High
10005597,Low,High
10369027,High,High
10188233,Medium,High
10887686,Low,High
10292674,High,High
10078196,Low,High
10239900,Medium,High
10653779,High,High
10906820,Low,High
10461188,Low,High
10042828,High,Medium
10681007,Medium,Medium
10883359,Low,Medium
10947939,Low,Medium
10957210,Low,Medium
10277146,Low,Medium
10407030,Low,Medium
10657579,Low,Medium
10965122,Low,Medium
10189524,Medium,Medium
10561482,Low,Medium
10446675,Low,High
10668089,Low,High
10766245,Low,High
10741561,Medium,High
10092878,High,High
10373041,Medium,High
10155093,High,High
10602912,Low,High
10058074,Low,High
10141904,Low,High
10393216,Low,High
10611589,Low,High
10403929,Medium,Medium
10150202,High,Medium
10253736,Low,Medium
10582537,Medium,Medium
10203684,High,High
10969572,Low,High
10060483,Medium,High
10390846,High,High
10534233,High,High
10277766,High,High
10799528,High,High
10396918,High,High
10879279,High,High
10779033,Low,High
10972368,Low,High
10085993,Low,High
10059136,Low,High
10167963,Low,Low
10146778,Low,Medium
10285168,Low,Low
10086017,Medium,Low
10879719,Medium,Medium
10350251,Medium,Medium
10972920,Medium,Low
10785436,Medium,Medium
10564620,Medium,Low
10696536,High,Medium
10007777,Low,Medium
10256227,Low,Medium
10780515,High,Low
10337112,Low,Low
10415699,Low,Low
10907056,High,Low
10240168,High,Medium
10823192,High,Medium
10337837,Low,Low
10398537,Low,Medium
10331622,Medium,Low
10915847,Medium,Low
10600483,Medium,Medium
10427918,High,Medium
10670010,Low,Low
10796902,Low,Low
10818842,Low,Low
10085747,Low,Low
10766481,High,Low
10665013,High,Low
10473747,Low,Low
10710047,Low,Low
10580148,High,Low
10519552,High,Low
10063864,Low,Low
10777037,High,Low
10027859,Low,Low
10583547,Medium,Low
10634098,Medium,Low
10554785,High,Low
10057696,High,Low
10917263,High,Medium
10020490,Medium,Low
10367344,Medium,Low
10715253,Medium,Low
10799355,High,Low
10212753,High,Low
10340173,Medium,Low
10451781,Medium,Low
10744030,High,Low
10825880,Low,Low
10953820,Low,High
10803430,Low,High
10228066,Low,High
10107315,Low,High
10680166,High,High
10560289,High,High
10117338,Low,High
10038918,High,Medium
10774573,Low,Low
10803185,High,Medium
10978139,High,Medium
10911574,Medium,Low
10739322,High,Medium
10959420,Medium,Low
10622867,High,Medium
10901957,High,Low
10352023,High,Low
10567540,High,Medium
10487655,High,Low
10949963,Medium,Low
10906770,High,Medium
10738280,Medium,Low
10176112,Medium,Low
10407282,High,Low
10683083,High,Low
10153444,Medium,Low
10493263,High,Low
10931677,Low,Low
10979573,Low,Low
10695693,Low,Low
10216483,Low,Low
10735146,High,Low
10657298,High,Low
10251327,Low,Low
10343923,High,Medium
10285232,Low,Low
10116161,High,Medium
10533125,Medium,Low
10083408,High,Medium
10113819,High,Medium
10533491,High,Medium
10152168,High,Medium
10979932,Low,Medium
10268533,Medium,Medium
10807127,High,Low
10952622,Low,Low
10618080,Medium,Low
10412124,High,Low
10729271,High,Medium
10773915,High,Medium
10958405,High,Low
10768166,High,Medium
10538843,High,Low
10412246,Low,Low
10678644,Low,Medium
10818945,Low,Medium
10660243,Low,Medium
10615227,Low,Low
10290949,Low,Medium
10420193,Low,Low
10104559,Medium,Low
10367742,Medium,Medium
10136254,Medium,Medium
10641865,Medium,Low
10870475,Medium,Medium
10666698,Medium,Low
10818206,High,Medium
10143351,Low,Medium
10998641,Low,Medium
10089134,High,Low
10469423,Low,Low
10053632,Low,Low
10335685,High,Low
10975432,High,Medium
10013606,High,Medium
10383528,Low,Low
10952691,Medium,High
10722204,Low,High
10609717,Low,High
10933133,Low,High
10371340,Low,High
10824367,Medium,High
10990291,High,High
10276539,Medium,High
10179810,High,High
10017746,Low,High
10958355,Low,High
10878435,Low,High
10233848,Low,High
10236091,Low,High
10707778,Medium,Medium
10318752,Medium,High
10284991,Medium,High
10826615,High,High
10839766,Low,High
10488225,Medium,High
10164221,High,High
10576090,Low,High
10648584,Low,High
10975400,High,High
10714917,Medium,High
10130594,Low,High
10456887,Low,Low
10516271,Low,Low
10937984,Low,Low
10501775,Low,Low
10453886,Low,Low
10389635,Low,Low
10815048,Low,Low
10487797,Low,Low
10661675,Low,Low
10317386,Low,Low
10047977,High,Low
10808153,Low,Low
10939052,Medium,Low
10148394,Low,Low
10158966,High,Low
10166839,Medium,Low
10488146,High,Low
10052077,Low,High
10257676,Low,High
10809139,Low,High
10502600,Low,High
10592121,Low,High
10171973,Medium,Medium
10847428,Medium,Medium
10721853,Medium,High
10712076,Medium,High
10107430,Low,High
10516001,Low,High
10321220,Low,High
10043401,Medium,High
10703470,Low,High
10254309,High,High
10722261,Medium,High
10377423,High,High
10177979,High,High
10157359,Low,High
10500779,Low,High
10244756,High,High
10783007,Medium,High
10930969,Low,High
10330359,Low,High
10334855,Low,High
10714915,Low,High
10008253,Low,High
10476166,Low,High
10292019,Low,High
10888623,High,High
10410127,Low,High
10132010,High,High
10046884,Medium,High
10461272,Low,High
10312773,High,High
10523085,Low,High
10410430,Medium,High
10324279,High,High
10234996,Low,High
10775194,Low,High
10981212,High,Medium
10254346,Medium,Medium
10818006,Low,Medium
10588745,Low,Medium
10193623,Low,Medium
10992538,Low,Medium
10457964,Low,Medium
10875410,Low,Medium
10210294,Low,Medium
10933646,Medium,Medium
10685875,Low,Medium
10699530,Low,High
10376540,Low,High
10482409,Low,High
10396339,Medium,High
10848410,High,High
10202569,Medium,High
10563704,High,High
10667361,Low,High
10995858,Low,High
10060496,Low,High
10178712,Low,High
10711305,Low,High
10350370,Medium,Medium
10438879,High,Medium
10957481,Low,Medium
10224929,Medium,Medium
10719645,High,High
10201554,Low,High
10893856,Medium,High
10165340,High,High
10572742,High,High
10930899,High,High
10565890,High,High
10821425,High,High
10520656,High,High
10948244,Low,High
10138328,Low,High
10722016,Low,High
10376773,Low,High
10334338,Low,Low
10388635,Low,Medium
10493578,Low,Low
10796025,Medium,Low
10716620,Medium,Medium
10478530,Medium,Medium
10971645,Medium,Low
10380623,Medium,Medium
10765348,Medium,Low
10858968,High,Medium
10697262,Low,Medium
10356114,Low,Medium
10097014,High,Low
10764657,Low,Low
10261097,Low,Low
10660723,High,Low
10172028,High,Medium
10597597,High,Medium
10737575,Low,Low
10765788,Low,Medium
10418273,Medium,Low
10191600,Medium,Low
10529234,Medium,Medium
10110125,High,Medium
10925484,Low,Low
10032511,Low,Low
10033807,Low,Low
10152874,Low,Low
10856895,High,Low
10664373,High,Low
10789976,Low,Low
10535910,Low,Low
10040682,High,Low
10476245,High,Low
10601038,Low,Low
10683339,High,Low
10175720,Low,Low
10356583,Medium,Low
10459029,Medium,Low
10478756,High,Low
10063187,High,Low
10562846,High,Medium
10884227,Medium,Low
10923839,Medium,Low
10902147,Medium,Low
10704574,High,Low
10015744,High,Low
10800147,Medium,Low
10082243,Medium,Low
10798604,High,Low
10128912,Low,Low
10253236,Low,High
10922486,Low,High
10890627,Low,High
10970661,Low,High
10953023,High,High
10201200,High,High
10193259,Low,High
10682641,High,Medium
10875984,Low,Low
10302369,High,Medium
10082532,High,Medium
10788986,Medium,Low
10826910,High,Medium
10015487,Medium,Low
10834590,High,Medium
10509681,High,Low
10125245,High,Low
10343629,High,Medium
10464682,High,Low
10963452,Medium,Low
10683363,High,Medium
10812707,Medium,Low
10634438,Medium,Low
10832579,High,Low
10343561,High,Low
10317227,Medium,Low
10155966,High,Low
10982226,Low,Low
10117791,Low,Low
10120038,Low,Low
10627729,Low,Low
10326626,High,Low
10172058,High,Low
10068357,Low,Low
10473421,High,Medium
10186621,Low,Low
10890339,High,Medium
10625761,Medium,Low
10715345,High,Medium
10242232,High,Medium
10003296,High,Medium
10042207,High,Medium
10349655,Low,Medium
10958735,Medium,Medium
10378959,High,Low
10453704,Low,Low
10133461,Medium,Low
10100096,High,Low
10402158,High,Medium
10723988,High,Medium
10273445,High,Low
10813183,High,Medium
10388174,High,Low
10373235,Low,Low
10936359,Low,Medium
10352974,Low,Medium
10804315,Low,Medium
10008765,Low,Low
10155765,Low,Medium
10147419,Low,Low
10050681,Medium,Low
10762295,Medium,Medium
10040625,Medium,Medium
10593297,Medium,Low
10273034,Medium,Medium
10709447,Medium,Low
10447176,High,Medium
10784343,Low,Medium
10154574,Low,Medium
10535910,High,Low
10791078,Low,Low
10797157,Low,Low
10779428,High,Low
10589372,High,Medium
10532837,High,Medium
10577697,Low,Low
10245468,Medium,High
10876838,Low,High
10187852,Low,High
10750531,Low,High
10660411,Low,High
10359913,Medium,High
10869648,High,High
10968277,Medium,High
10729678,High,High
10355005,Low,High
10613493,Low,High
10659948,Low,High
10270990,Low,High
10113661,Low,High
10575581,Medium,Medium
10660582,Medium,High
10672816,Medium,High
10281773,High,High
10723284,Low,High
10126657,Medium,High
10729107,High,High
10490838,Low,High
10959896,Low,High
10455176,High,High
10377458,Medium,High
10139144,Low,High
10554759,Low,Low
10116356,Low,Low
10037903,Low,Low
10683655,Low,Low
10441849,Low,Low
10573471,Low,Low
10545119,Low,Low
10358230,Low,Low
10295418,Low,Low
10780339,Low,Low
10583692,High,Low
10304498,Low,Low
10075139,Medium,Low
10116333,Low,Low
10076342,High,Low
10795147,Medium,Low
10012137,High,Low
10911891,Low,High
10987637,Low,High
10971485,Low,High
10861053,Low,High
10792920,Low,High
10965491,Medium,Medium
10435375,Medium,Medium
10330733,Medium,High
10547642,Medium,High
10339133,Low,High
10075443,Low,High
10295213,Low,High
10583588,Medium,High
10752350,Low,High
10064168,High,High
10712651,Medium,High
10990609,High,High
10573374,High,High
10088696,Low,High
10426535,Low,High
10819607,High,High
10888604,Medium,High
10015525,Low,High
10120269,Low,High
10760028,Low,High
10447715,Low,High
10310806,Low,High
10360303,Low,High
10355626,Low,High
10253188,High,High
10274051,Low,High
10761786,High,High
10049564,Medium,High
10832414,Low,High
10295937,High,High
10553969,Low,High
10125723,Medium,High
10797705,High,High
10497072,Low,High
10384372,Low,High
10908074,High,Medium
10550251,Medium,Medium
10740900,Low,Medium
10541638,Low,Medium
10754733,Low,Medium
10866334,Low,Medium
10590535,Low,Medium
10705659,Low,Medium
10859109,Low,Medium
10059704,Medium,Medium
10271683,Low,Medium
10232594,Low,High
10614381,Low,High
10828219,Low,High
10597738,Medium,High
10996035,High,High
10450438,Medium,High
10593324,High,High
10480971,Low,High
10952041,Low,High
10922112,Low,High
10668878,Low,High
10189534,Low,High
10020299,Medium,Medium
10137847,High,Medium
10659452,Low,Medium
10359364,Medium,Medium
10753174,High,High
10042741,Low,High
10711979,Medium,High
10506208,High,High
10656814,High,High
10515742,High,High
10741491,High,High
10005203,High,High
10314614,High,High
10851904,Low,High
10370063,Low,High
10113835,Low,High
10523857,Low,High
10528454,Low,Low
10184668,Low,Medium
10532851,Low,Low
10868158,Medium,Low
10566004,Medium,Medium
10786107,Medium,Medium
10263602,Medium,Low
10185225,Medium,Medium
10471620,Medium,Low
10181455,High,Medium
10637316,Low,Medium
10750187,Low,Medium
10495511,High,Low
10110587,Low,Low
10761852,Low,Low
10760105,High,Low
10944103,High,Medium
10879935,High,Medium
10770693,Low,Low
10587170,Low,Medium
10383873,Medium,Low
10043661,Medium,Low
10778634,Medium,Medium
10780701,High,Medium
10562134,Low,Low
10596254,Low,Low
10321967,Low,Low
10450290,Low,Low
10875116,High,Low
10475476,High,Low
10371051,Low,Low
10416084,Low,Low
10000274,High,Low
10959853,High,Low
10279114,Low,Low
10487357,High,Low
10798561,Low,Low
10766521,Medium,Low
10327390,Medium,Low
10234847,High,Low
10219055,High,Low
10563052,High,Medium
10435109,Medium,Low
10210167,Medium,Low
10340434,Medium,Low
10221879,High,Low
10257236,High,Low
10054217,Medium,Low
10488619,Medium,Low
10556921,High,Low
10530926,Low,Low
10228578,Low,High
10067720,Low,High
10100341,Low,High
10748581,Low,High
10168392,High,High
10139679,High,High
10854135,Low,High
10347474,High,Medium
10490693,Low,Low
10035357,High,Medium
10622781,High,Medium
10122863,Medium,Low
10013896,High,Medium
10583243,Medium,Low
10178184,High,Medium
10352744,High,Low
10266464,High,Low
10537854,High,Medium
10521560,High,Low
10359653,Medium,Low
10087746,High,Medium
10057853,Medium,Low
10858181,Medium,Low
10827930,High,Low
10357970,High,Low
10836941,Medium,Low
10632904,High,Low
10587451,Low,Low
10950462,Low,Low
10157446,Low,Low
10480244,Low,Low
10953469,High,Low
10770061,High,Low
10740776,Low,Low
10671006,High,Medium
10511249,Low,Low
10591251,High,Medium
10817790,Medium,Low
10108089,High,Medium
10394330,High,Medium
10463501,High,Medium
10516458,High,Medium
10760294,Low,Medium
10572816,Medium,Medium
10150966,High,Low
10851906,Low,Low
10046035,Medium,Low
10048162,High,Low
10883513,High,Medium
10232175,High,Medium
10209798,High,Low
10586414,High,Medium
10937543,High,Low
10647514,Low,Low
10950934,Low,Medium
10651418,Low,Medium
10985948,Low,Medium
10144324,Low,Low
10966444,Low,Medium
10981147,Low,Low
10195298,Medium,Low
10974242,Medium,Medium
10012774,Medium,Medium
10695277,Medium,Low
10626442,Medium,Medium
10329564,Medium,Low
10715355,High,Medium
10020265,Low,Medium
10151491,Low,Medium
10183969,High,Low
10743907,Low,Low
10351345,Low,Low
10709560,High,Low
10276347,High,Medium
10083694,High,Medium
10576911,Low,Low
10203631,Medium,High
10959798,Low,High
10470096,Low,High
10352249,Low,High
10761480,Low,High
10617148,Medium,High
10315812,High,High
10907861,Medium,High
10659011,High,High
10765144,Low,High
10260872,Low,High
10822063,Low,High
10345186,Low,High
10610610,Low,High
10515036,Medium,Medium
10926436,Medium,High
10187049,Medium,High
10859088,High,High
10855313,Low,High
10274663,Medium,High
10368161,High,High
10355766,Low,High
10804584,Low,High
10247682,High,High
10255721,Medium,High
10530393,Low,High
10546542,Low,Low
10869535,Low,Low
10790164,Low,Low
10262269,Low,Low
10408040,Low,Low
10663753,Low,Low
10123723,Low,Low
10778068,Low,Low
10602775,Low,Low
10307724,Low,Low
10214634,High,Low
10377651,Low,Low
10131712,Medium,Low
10200658,Low,Low
10443205,High,Low
10396583,Medium,Low
10765950,High,Low
10478413,Low,High
10763756,Low,High
10850887,Low,High
10910260,Low,High
10550989,Low,High
10617281,Medium,Medium
10766839,Medium,Medium
10060267,Medium,High
10967562,Medium,High
10679674,Low,High
10901704,Low,High
10572518,Low,High
10055027,Medium,High
10045756,Low,High
10425071,High,High
10696961,Medium,High
10442899,High,High
10323329,High,High
10530977,Low,High
10544567,Low,High
10518958,High,High
10931378,Medium,High
10829102,Low,High
10185117,Low,High
10220171,Low,High
10417420,Low,High
10703253,Low,High
10599126,Low,High
10284441,Low,High
10144491,High,High
10345414,Low,High
10925633,High,High
10668591,Medium,High
10452468,Low,High
10113665,High,High
10040142,Low,High
10590077,Medium,High
10568701,High,High
10993576,Low,High
10562953,Low,High
10110048,High,Medium
10173808,Medium,Medium
10303677,Low,Medium
10246555,Low,Medium
10331424,Low,Medium
10563741,Low,Medium
10994678,Low,Medium
10463454,Low,Medium
10283518,Low,Medium
10119148,Medium,Medium
10961182,Low,Medium
10271375,Low,High
10061041,Low,High
10629106,Low,High
10489096,Medium,High
10288525,High,High
10451799,Medium,High
10365450,High,High
10242951,Low,High
10307380,Low,High
10049843,Low,High
10237320,Low,High
10907081,Low,High
10492585,Medium,Medium
10523344,High,Medium
10490951,Low,Medium
10004300,Medium,Medium
10980631,High,High
10989666,Low,High
10047644,Medium,High
10960162,High,High
10045005,High,High
10013815,High,High
10759063,High,High
10079815,High,High
10925181,High,High
10112523,Low,High
10689546,Low,High
10532306,Low,High
10643434,Low,High
10345878,Low,Low
10733751,Low,Medium
10859801,Low,Low
10818931,Medium,Low
10483875,Medium,Medium
10530184,Medium,Medium
10388647,Medium,Low
10772839,Medium,Medium
10022029,Medium,Low
10747815,High,Medium
10685246,Low,Medium
10541346,Low,Medium
10431202,High,Low
10485468,Low,Low
10905348,Low,Low
10875517,High,Low
10599986,High,Medium
10272590,High,Medium
10329044,Low,Low
10764031,Low,Medium
10272410,Medium,Low
10527271,Medium,Low
10622710,Medium,Medium
10502322,High,Medium
10555991,Low,Low
10653342,Low,Low
10527556,Low,Low
10219293,Low,Low
10896425,High,Low
10932050,High,Low
10184547,Low,Low
10010667,Low,Low
10599044,High,Low
10933625,High,Low
10672239,Low,Low
10262211,High,Low
10350348,Low,Low
10479230,Medium,Low
10679608,Medium,Low
10158267,High,Low
10182496,High,Low
10669683,High,Medium
10099880,Medium,Low
10120178,Medium,Low
10902637,Medium,Low
10150442,High,Low
10247781,High,Low
10722304,Medium,Low
10817952,Medium,Low
10602686,High,Low
10506666,Low,Low
10123426,Low,High
10169860,Low,High
10084571,Low,High
10336311,Low,High
10559389,High,High
10317913,High,High
10968803,Low,High
10675586,High,Medium
10191525,Low,Low
10982682,High,Medium
10602820,High,Medium
10281663,Medium,Low
10583799,High,Medium
10769486,Medium,Low
10672635,High,Medium
10643544,High,Low
10343950,High,Low
10948718,High,Medium
10780050,High,Low
10504516,Medium,Low
10558086,High,Medium
10188964,Medium,Low
10884615,Medium,Low
10403371,High,Low
10943470,High,Low
10511549,Medium,Low
10425892,High,Low
10656631,Low,Low
10147446,Low,Low
10159388,Low,Low
10624914,Low,Low
10695707,High,Low
10789879,High,Low
10449086,Low,Low
10722177,High,Medium
10150592,Low,Low
10727802,High,Medium
10361235,Medium,Low
10221733,High,Medium
10883980,High,Medium
10128808,High,Medium
10473725,High,Medium
10961205,Low,Medium
10004423,Medium,Medium
10151575,High,Low
10395392,Low,Low
10793587,Medium,Low
10544537,High,Low
10747667,High,Medium
10815297,High,Medium
10171083,High,Low
10901223,High,Medium
10949491,High,Low
10755730,Low,Low
10593030,Low,Medium
10305140,Low,Medium
10496681,Low,Medium
10693488,Low,Low
10619624,Low,Medium
10628773,Low,Low
10961579,Medium,Low
10808162,Medium,Medium
10531687,Medium,Medium
10890517,Medium,Low
10368250,Medium,Medium
10301296,Medium,Low
10496296,High,Medium
10135650,Low,Medium
10212739,Low,Medium
10927698,High,Low
10477511,Low,Low
10260000,Low,Low
10201066,High,Low
10024622,High,Medium
10378658,High,Medium
10307224,Low,Low
10710858,Medium,High
10062315,Low,High
10456138,Low,High
10995348,Low,High
10288550,Low,High
10622909,Medium,High
10999445,High,High
10307279,Medium,High
10713800,High,High
10324420,Low,High
10758577,Low,High
10648425,Low,High
10463969,Low,High
10378721,Low,High
10571237,Medium,Medium
10315867,Medium,High
10364660,Medium,High
10949767,High,High
10967317,Low,High
10379860,Medium,High
10743485,High,High
10513839,Low,High
10859933,Low,High
10457545,High,High
10628687,Medium,High
10249859,Low,High
10310347,Low,Low
10863639,Low,Low
10663485,Low,Low
10886391,Low,Low
10961760,Low,Low
10933359,Low,Low
10435997,Low,Low
10535862,Low,Low
10512568,Low,Low
10608494,Low,Low
10657980,High,Low
10987560,Low,Low
10470780,Medium,Low
10876962,Low,Low
10774509,High,Low
10861943,Medium,Low
10482143,High,Low
10185505,Low,High
10418135,Low,High
10130995,Low,High
10301849,Low,High
10809694,Low,High
10888778,Medium,Medium
10690481,Medium,Medium
10405621,Medium,High
10280785,Medium,High
10120177,Low,High
10943018,Low,High
10411030,Low,High
10084265,Medium,High
10571727,Low,High
10340882,High,High
10955374,Medium,High
10656699,High,High
10466367,High,High
10147100,Low,High
10485992,Low,High
10533515,High,High
10429667,Medium,High
10649171,Low,High
10538363,Low,High
10521474,Low,High
10168450,Low,High
10047214,Low,High
10957537,Low,High
10556158,Low,High
10704679,High,High
10403090,Low,High
10092471,High,High
10829708,Medium,High
10738278,Low,High
10536313,High,High
10427579,Low,High
10435053,Medium,High
10927241,High,High
10034229,Low,High
10424620,Low,High
10028712,High,Medium
10055120,Medium,Medium
10098051,Low,Medium
10830305,Low,Medium
10973816,Low,Medium
10085495,Low,Medium
10816273,Low,Medium
10735244,Low,Medium
10054050,Low,Medium
10542958,Medium,Medium
10304951,Low,Medium
10214999,Low,High
10979880,Low,High
10699989,Low,High
10327497,Medium,High
10639185,High,High
10195524,Medium,High
10627008,High,High
10239855,Low,High
10867863,Low,High
10966044,Low,High
10013131,Low,High
10509472,Low,High
10150946,Medium,Medium
10151367,High,Medium
10149139,Low,Medium
10084462,Medium,Medium
10185132,High,High
10913997,Low,High
10501444,Medium,High
10629334,High,High
10423322,High,High
10734357,High,High
10949600,High,High
10404533,High,High
10312950,High,High
10051271,Low,High
10399950,Low,High
10803050,Low,High
10750108,Low,High
10943226,Low,Low
10771375,Low,Medium
10028884,Low,Low
10938100,Medium,Low
10602948,Medium,Medium
10621390,Medium,Medium
10389730,Medium,Low
10314802,Medium,Medium
10029385,Medium,Low
10634760,High,Medium
10306614,Low,Medium
10264582,Low,Medium
10975106,High,Low
10533402,Low,Low
10194616,Low,Low
10673010,High,Low
10971078,High,Medium
10857636,High,Medium
10321856,Low,Low
10028088,Low,Medium
10342534,Medium,Low
10029721,Medium,Low
10700440,Medium,Medium
10582380,High,Medium
10367898,Low,Low
10240716,Low,Low
10211292,Low,Low
10453248,Low,Low
10810609,High,Low
10634801,High,Low
10091005,Low,Low
10679416,Low,Low
10058874,High,Low
10065370,High,Low
10604678,Low,Low
10432876,High,Low
10633775,Low,Low
10680445,Medium,Low
10831487,Medium,Low
10786526,High,Low
10642776,High,Low
10130954,High,Medium
10365608,Medium,Low
10921095,Medium,Low
10972858,Medium,Low
10628466,High,Low
10648831,High,Low
10898674,Medium,Low
10822669,Medium,Low
10419794,High,Low
10013707,Low,Low
10507506,Low,High
10206784,Low,High
10107955,Low,High
10461364,Low,High
10612762,High,High
10996772,High,High
10145846,Low,High
10936410,High,Medium
10345212,Low,Low
10165578,High,Medium
10315054,High,Medium
10562950,Medium,Low
10229171,High,Medium
10235943,Medium,Low
10566916,High,Medium
10170294,High,Low
10008890,High,Low
10459596,High,Medium
10974423,High,Low
10599967,Medium,Low
10264470,High,Medium
10505642,Medium,Low
10060660,Medium,Low
10642326,High,Low
10155946,High,Low
10571999,Medium,Low
10487560,High,Low
10463923,Low,Low
10373036,Low,Low
10771404,Low,Low
10303590,Low,Low
10718321,High,Low
10629046,High,Low
10465121,Low,Low
10903010,High,Medium
10340444,Low,Low
10598241,High,Medium
10034587,Medium,Low
10775889,High,Medium
10258659,High,Medium
10228491,High,Medium
10321520,High,Medium
10040547,Low,Medium
10565629,Medium,Medium
10588074,High,Low
10385906,Low,Low
10421986,Medium,Low
10892916,High,Low
10517427,High,Medium
10923774,High,Medium
10742176,High,Low
10088190,High,Medium
10023197,High,Low
10489616,Low,Low
10563056,Low,Medium
10744651,Low,Medium
10098601,Low,Medium
10977049,Low,Low
10155367,Low,Medium
10893240,Low,Low
10646451,Medium,Low
10007003,Medium,Medium
10484690,Medium,Medium
10932569,Medium,Low
10785018,Medium,Medium
10979827,Medium,Low
10335588,High,Medium
10088433,Low,Medium
10520708,Low,Medium
10644814,High,Low
10079297,Low,Low
10814957,Low,Low
10344629,High,Low
10730689,High,Medium
10321125,High,Medium
10838493,Low,Low
10061499,Medium,High
10963157,Low,High
10048923,Low,High
10477751,Low,High
10365405,Low,High
10445013,Medium,High
10751394,High,High
10192298,Medium,High
10711491,High,High
10143558,Low,High
10101570,Low,High
10045420,Low,High
10329556,Low,High
10601163,Low,High
10082191,Medium,Medium
10076735,Medium,High
10000865,Medium,High
10277252,High,High
10845847,Low,High
10196028,Medium,High
10543981,High,High
10347556,Low,High
10491091,Low,High
10164897,High,High
10350962,Medium,High
10292095,Low,High
10272997,Low,Low
10221101,Low,Low
10130914,Low,Low
10097308,Low,Low
10439587,Low,Low
10965638,Low,Low
10649404,Low,Low
10909116,Low,Low
10578409,Low,Low
10784629,Low,Low
10441447,High,Low
10174878,Low,Low
10298090,Medium,Low
10272030,Low,Low
10452352,High,Low
10895121,Medium,Low
10960852,High,Low
10272733,Low,High
10892184,Low,High
10377174,Low,High
10060236,Low,High
10377630,Low,High
10530403,Medium,Medium
10683737,Medium,Medium
10299359,Medium,High
10386155,Medium,High
10306681,Low,High
10241719,Low,High
10450029,Low,High
10255501,Medium,High
10370378,Low,High
10027634,High,High
10787397,Medium,High
10896472,High,High
10533658,High,High
10809211,Low,High
10357881,Low,High
10873597,High,High
10736370,Medium,High
10851580,Low,High
10004933,Low,High
10141379,Low,High
10199615,Low,High
10706616,Low,High
10576179,Low,High
10237795,Low,High
10625792,High,High
10926282,Low,High
10185421,High,High
10672916,Medium,High
10052164,Low,High
10067369,High,High
10730268,Low,High
10926434,Medium,High
10383270,High,High
10681415,Low,High
10482480,Low,High
10025841,High,Medium
10463224,Medium,Medium
10998003,Low,Medium
10458637,Low,Medium
10043051,Low,Medium
10825446,Low,Medium
10135068,Low,Medium
10194712,Low,Medium
10487119,Low,Medium
10009749,Medium,Medium
10957281,Low,Medium
10739718,Low,High
10474570,Low,High
10667420,Low,High
10589366,Medium,High
10993803,High,High
10910327,Medium,High
10996955,High,High
10085368,Low,High
10458950,Low,High
10942482,Low,High
10427157,Low,High
10197895,Low,High
10426401,Medium,Medium
10041551,High,Medium
10969930,Low,Medium
10871945,Medium,Medium
10784036,High,High
10461573,Low,High
10463680,Medium,High
10469645,High,High
10939396,High,High
10642402,High,High
10651898,High,High
10705145,High,High
10365295,High,High
10695070,Low,High
10040863,Low,High
10263264,Low,High
10995838,Low,High
10149476,Low,Low
10906657,Low,Medium
10698411,Low,Low
10283610,Medium,Low
10169423,Medium,Medium
10646785,Medium,Medium
10302017,Medium,Low
10079107,Medium,Medium
10230724,Medium,Low
10531156,High,Medium
10327655,Low,Medium
10583489,Low,Medium
10788253,High,Low
10811077,Low,Low
10610008,Low,Low
10289777,High,Low
10248529,High,Medium
10077226,High,Medium
10549784,Low,Low
10110536,Low,Medium
10313956,Medium,Low
10868552,Medium,Low
10258195,Medium,Medium
10382508,High,Medium
10783041,Low,Low
10965736,Low,Low
10593667,Low,Low
10237752,Low,Low
10586935,High,Low
10872420,High,Low
10256203,Low,Low
10674482,Low,Low
10848100,High,Low
10305811,High,Low
10335599,Low,Low
10149728,High,Low
10389295,Low,Low
10591676,Medium,Low
10797363,Medium,Low
10753896,High,Low
10648336,High,Low
10080812,High,Medium
10579532,Medium,Low
10917881,Medium,Low
10257316,Medium,Low
10411647,High,Low
10071160,High,Low
10609954,Medium,Low
10225688,Medium,Low
10171708,High,Low
10429609,Low,Low
10810703,Low,High
10667916,Low,High
10225761,Low,High
10161135,Low,High
10089023,High,High
10242512,High,High
10713704,Low,High
10102520,High,Medium
10432460,Low,Low
10040783,High,Medium
10925559,High,Medium
10228754,Medium,Low
10307396,High,Medium
10324836,Medium,Low
10399653,High,Medium
10864149,High,Low
10704651,High,Low
10827743,High,Medium
10823020,High,Low
10683260,Medium,Low
10582618,High,Medium
10320799,Medium,Low
10356922,Medium,Low
10806931,High,Low
10736245,High,Low
10673862,Medium,Low
10028631,High,Low
10008548,Low,Low
10118309,Low,Low
10827224,Low,Low
10959122,Low,Low
10918162,High,Low
10135091,High,Low
10455219,Low,Low
10472213,High,Medium
10963088,Low,Low
10806556,High,Medium
10705251,Medium,Low
10452437,High,Medium
10934148,High,Medium
10200632,High,Medium
10891407,High,Medium
10163862,Low,Medium
10556554,Medium,Medium
10684558,High,Low
10243838,Low,Low
10908196,Medium,Low
10306136,High,Low
10094916,High,Medium
10510772,High,Medium
10098487,High,Low
10917455,High,Medium
10447407,High,Low
10444428,Low,Low
10497210,Low,Medium
10511202,Low,Medium
10128105,Low,Medium
10986026,Low,Low
10236307,Low,Medium
10033416,Low,Low
10076984,Medium,Low
10554759,Medium,Medium
10989806,Medium,Medium
10751217,Medium,Low
10734546,Medium,Medium
10020583,Medium,Low
10524989,High,Medium
10417063,Low,Medium
10983971,Low,Medium
10039638,High,Low
10674470,Low,Low
10526656,Low,Low
10317579,High,Low
10988035,High,Medium
10469257,High,Medium
10136767,Low,Low
10165078,Medium,High
10619157,Low,High
10622256,Low,High
10768124,Low,High
10151261,Low,High
10408316,Medium,High
10991126,High,High
10538690,Medium,High
10820102,High,High
10172561,Low,High
10120515,Low,High
10697730,Low,High
10975001,Low,High
10254466,Low,High
10657168,Medium,Medium
10377259,Medium,High
10963861,Medium,High
10282811,High,High
10217597,Low,High
10789943,Medium,High
10053733,High,High
10992311,Low,High
10411012,Low,High
10259741,High,High
10652757,Medium,High
10090103,Low,High
10960753,Low,Low
10509937,Low,Low
10639352,Low,Low
10691865,Low,Low
10483280,Low,Low
10030396,Low,Low
10522852,Low,Low
10141749,Low,Low
10887627,Low,Low
10216297,Low,Low
10816884,High,Low
10882574,Low,Low
10044673,Medium,Low
10942065,Low,Low
10917987,High,Low
10422487,Medium,Low
10040590,High,Low
10009435,Low,High
10689073,Low,High
10045493,Low,High
10792999,Low,High
10540671,Low,High
10157341,Medium,Medium
10701772,Medium,Medium
10730857,Medium,High
10181598,Medium,High
10045329,Low,High
10213272,Low,High
10140905,Low,High
10682532,Medium,High
10600166,Low,High
10980926,High,High
10680003,Medium,High
10152682,High,High
10551775,High,High
10023032,Low,High
10816452,Low,High
10372928,High,High
10888405,Medium,High
10305080,Low,High
10753512,Low,High
10872749,Low,High
10534502,Low,High
10560450,Low,High
10945361,Low,High
10809820,Low,High
10473029,High,High
10997568,Low,High
10982381,High,High
10358804,Medium,High
10871729,Low,High
10322887,High,High
10259746,Low,High
10379269,Medium,High
10640883,High,High
10737226,Low,High
10808477,Low,High
10952508,High,Medium
10821478,Medium,Medium
10064118,Low,Medium
10458787,Low,Medium
10335050,Low,Medium
10035988,Low,Medium
10595071,Low,Medium
10468439,Low,Medium
10196436,Low,Medium
10191296,Medium,Medium
10995291,Low,Medium
10518219,Low,High
10355746,Low,High
10202126,Low,High
10883097,Medium,High
10930970,High,High
10896228,Medium,High
10121662,High,High
10026135,Low,High
10655284,Low,High
10374538,Low,High
10821606,Low,High
10456682,Low,High
10576500,Medium,Medium
10658991,High,Medium
10235031,Low,Medium
10805535,Medium,Medium
10720564,High,High
10666058,Low,High
10317923,Medium,High
10764650,High,High
10028604,High,High
10181191,High,High
10365446,High,High
10614193,High,High
10961923,High,High
10262828,Low,High
10502699,Low,High
10890080,Low,High
10519613,Low,High
10521256,Low,Low
10964064,Low,Medium
10179744,Low,Low
10080385,Medium,Low
10441336,Medium,Medium
10227733,Medium,Medium
10784269,Medium,Low
10767357,Medium,Medium
10484628,Medium,Low
10014547,High,Medium
10998764,Low,Medium
10541320,Low,Medium
10875908,High,Low
10358462,Low,Low
10619343,Low,Low
10333098,High,Low
10625989,High,Medium
10852674,High,Medium
10189963,Low,Low
10398315,Low,Medium
10829497,Medium,Low
10557162,Medium,Low
10729876,Medium,Medium
10371883,High,Medium
10059092,Low,Low
10105994,Low,Low
10492169,Low,Low
10951553,Low,Low
10726175,High,Low
10442916,High,Low
10738478,Low,Low
10878854,Low,Low
10573790,High,Low
10768896,High,Low
10946187,Low,Low
10832705,High,Low
10063214,Low,Low
10958913,Medium,Low
10664206,Medium,Low
10225716,High,Low
10294347,High,Low
10518073,High,Medium
10238322,Medium,Low
10981402,Medium,Low
10660884,Medium,Low
10425656,High,Low
10860768,High,Low
10791932,Medium,Low
10069231,Medium,Low
10744763,High,Low
10927445,Low,Low
10949413,Low,High
10928214,Low,High
10060663,Low,High
10218028,Low,High
10971629,High,High
10814061,High,High
10379690,Low,High
10530247,High,Medium
10917672,Low,Low
10457433,High,Medium
10748916,High,Medium
10576350,Medium,Low
10121924,High,Medium
10978353,Medium,Low
10898271,High,Medium
10225073,High,Low
10867835,High,Low
10871982,High,Medium
10788038,High,Low
10275177,Medium,Low
10694609,High,Medium
10737142,Medium,Low
10717157,Medium,Low
10945926,High,Low
10839997,High,Low
10450643,Medium,Low
10388731,High,Low
10268455,Low,Low
10421772,Low,Low
10160685,Low,Low
10670705,Low,Low
10860808,High,Low
10959527,High,Low
10996112,Low,Low
10101735,High,Medium
10094519,Low,Low
10267466,High,Medium
10461801,Medium,Low
10390746,High,Medium
10260208,High,Medium
10051549,High,Medium
10061511,High,Medium
10639555,Low,Medium
10012819,Medium,Medium
10554687,High,Low
10324132,Low,Low
10181778,Medium,Low
10827486,High,Low
10648131,High,Medium
10583203,High,Medium
10040969,High,Low
10790874,High,Medium
10582701,High,Low
10852260,Low,Low
10384302,Low,Medium
10681936,Low,Medium
10698925,Low,Medium
10962278,Low,Low
10395150,Low,Medium
10394266,Low,Low
10030646,Medium,Low
10753539,Medium,Medium
10309307,Medium,Medium
10684066,Medium,Low
10581975,Medium,Medium
10687084,Medium,Low
10011964,High,Medium
10617732,Low,Medium
10410006,Low,Medium
10478959,High,Low
10076124,Low,Low
10271763,Low,Low
10905636,High,Low
10650666,High,Medium
10071880,High,Medium
10844971,Low,Low
10000369,Medium,High
10146402,Low,High
10171284,Low,High
10514787,Low,High
10982892,Low,High
10718859,Medium,High
10943117,High,High
10685056,Medium,High
10310483,High,High
10309744,Low,High
10098245,Low,High
10821834,Low,High
10881046,Low,High
10114603,Low,High
10051315,Medium,Medium
10717642,Medium,High
10053347,Medium,High
10993241,High,High
10893370,Low,High
10833506,Medium,High
10818492,High,High
10666440,Low,High
10635832,Low,High
10061037,High,High
10421854,Medium,High
10438938,Low,High
10015717,Low,Low
10954432,Low,Low
10579577,Low,Low
10321851,Low,Low
10642706,Low,Low
10650569,Low,Low
10093246,Low,Low
10063350,Low,Low
10360103,Low,Low
10205425,Low,Low
10950327,High,Low
10492007,Low,Low
10622411,Medium,Low
10986461,Low,Low
10738190,High,Low
10231730,Medium,Low
10563235,High,Low
10976020,Low,High
10820163,Low,High
10061569,Low,High
10607414,Low,High
10410260,Low,High
10577136,Medium,Medium
10500682,Medium,Medium
10448243,Medium,High
10731166,Medium,High
10912901,Low,High
10900811,Low,High
10775707,Low,High
10600814,Medium,High
10142695,Low,High
10815791,High,High
10478647,Medium,High
10800648,High,High
10813273,High,High
10955253,Low,High
10403844,Low,High
10691799,High,High
10547285,Medium,High
10579034,Low,High
10819381,Low,High
10316104,Low,High
10115933,Low,High
10738728,Low,High
10496132,Low,High
10038683,Low,High
10031983,High,High
10195437,Low,High
10199262,High,High
10874112,Medium,High
10653165,Low,High
10686165,High,High
10580355,Low,High
10471997,Medium,High
10612041,High,High
10752249,Low,High
10669277,Low,High
10680364,High,Medium
10858736,Medium,Medium
10890685,Low,Medium
10693342,Low,Medium
10195332,Low,Medium
10893223,Low,Medium
10647945,Low,Medium
10994485,Low,Medium
10945834,Low,Medium
10547385,Medium,Medium
10850217,Low,Medium
10805290,Low,High
10276495,Low,High
10125327,Low,High
10345394,Medium,High
10659879,High,High
10638864,Medium,High
10476530,High,High
10768848,Low,High
10017878,Low,High
10768762,Low,High
10530461,Low,High
10762956,Low,High
10800980,Medium,Medium
10521108,High,Medium
10663757,Low,Medium
10466268,Medium,Medium
10053829,High,High
10923899,Low,High
10470464,Medium,High
10559798,High,High
10747480,High,High
10477114,High,High
10384708,High,High
10893922,High,High
10934512,High,High
10585826,Low,High
10731939,Low,High
10620945,Low,High
10887422,Low,High
10086920,Low,Low
10825854,Low,Medium
10958493,Low,Low
10764623,Medium,Low
10931701,Medium,Medium
10715790,Medium,Medium
10353524,Medium,Low
10409887,Medium,Medium
10287904,Medium,Low
10770247,High,Medium
10316107,Low,Medium
10085276,Low,Medium
10398019,High,Low
10707326,Low,Low
10934260,Low,Low
10811292,High,Low
10288361,High,Medium
10086049,High,Medium
10235128,Low,Low
10893944,Low,Medium
10322717,Medium,Low
10705270,Medium,Low
10815292,Medium,Medium
10515222,High,Medium
10867048,Low,Low
10799548,Low,Low
10287995,Low,Low
10117885,Low,Low
10814647,High,Low
10925988,High,Low
10979647,Low,Low
10288528,Low,Low
10682985,High,Low
10537031,High,Low
10451571,Low,Low
10289594,High,Low
10436923,Low,Low
10907029,Medium,Low
10848854,Medium,Low
10894157,High,Low
10176636,High,Low
10878738,High,Medium
10803528,Medium,Low
10346637,Medium,Low
10856488,Medium,Low
10626260,High,Low
10538941,High,Low
10317276,Medium,Low
10594356,Medium,Low
10171891,High,Low
10522347,Low,Low
10872664,Low,High
10044571,Low,High
10641324,Low,High
10087744,Low,High
10320300,High,High
10673155,High,High
10590442,Low,High
10567849,High,Medium
10081753,Low,Low
10969206,High,Medium
10057840,High,Medium
10408385,Medium,Low
10051373,High,Medium
10581410,Medium,Low
10110872,High,Medium
10171997,High,Low
10009467,High,Low
10089943,High,Medium
10027707,High,Low
10769446,Medium,Low
10682625,High,Medium
10813491,Medium,Low
10234827,Medium,Low
10420871,High,Low
10569830,High,Low
10365114,Medium,Low
10447967,High,Low
10591816,Low,Low
10926322,Low,Low
10802555,Low,Low
10213488,Low,Low
10700848,High,Low
10828350,High,Low
10971776,Low,Low
10497244,High,Medium
10278225,Low,Low
10180516,High,Medium
10569918,Medium,Low
10525551,High,Medium
10038795,High,Medium
10020163,High,Medium
10623822,High,Medium
10839400,Low,Medium
10691854,Medium,Medium
10250955,High,Low
10417566,Low,Low
10948702,Medium,Low
10281189,High,Low
10286158,High,Medium
10195105,High,Medium
10992110,High,Low
10698437,High,Medium
10064357,High,Low
10636102,Low,Low
10052261,Low,Medium
10453358,Low,Medium
10363351,Low,Medium
10542042,Low,Low
10444400,Low,Medium
10142999,Low,Low
10166464,Medium,Low
10493107,Medium,Medium
10567283,Medium,Medium
10508492,Medium,Low
10478544,Medium,Medium
10110365,Medium,Low
10336390,High,Medium
10725629,Low,Medium
10904769,Low,Medium
10650941,High,Low
10114516,Low,Low
10364895,Low,Low
10406907,High,Low
10268341,High,Medium
10874991,High,Medium
10709758,Low,Low
10988159,Medium,High
10516107,Low,High
10411422,Low,High
10740779,Low,High
10407193,Low,High
10630619,Medium,High
10881508,High,High
10983976,Medium,High
10166237,High,High
10312447,Low,High
10009660,Low,High
10616199,Low,High
10593762,Low,High
10254420,Low,High
10582525,Medium,Medium
10453466,Medium,High
10921777,Medium,High
10929900,High,High
10353048,Low,High
10102521,Medium,High
10793642,High,High
10042043,Low,High
10626001,Low,High
10503445,High,High
10639792,Medium,High
10942718,Low,High
10179144,Low,Low
10398536,Low,Low
10603466,Low,Low
10323714,Low,Low
10761183,Low,Low
10882499,Low,Low
10619918,Low,Low
10870503,Low,Low
10082600,Low,Low
10522640,Low,Low
10539345,High,Low
10003883,Low,Low
10412721,Medium,Low
10203867,Low,Low
10561628,High,Low
10589616,Medium,Low
10293884,High,Low
10637828,Low,High
10355856,Low,High
10158015,Low,High
10335835,Low,High
10534849,Low,High
10108059,Medium,Medium
10513046,Medium,Medium
10308896,Medium,High
10693166,Medium,High
10919810,Low,High
10041091,Low,High
10534738,Low,High
10321507,Medium,High
10411907,Low,High
10735583,High,High
10499597,Medium,High
10896774,High,High
10021921,High,High
10744604,Low,High
10534642,Low,High
10481662,High,High
10750174,Medium,High
10220240,Low,High
10972557,Low,High
10689188,Low,High
10925096,Low,High
10599807,Low,High
10496662,Low,High
10919782,Low,High
10292804,High,High
10910408,Low,High
10184722,High,High
10989322,Medium,High
10831927,Low,High
10118686,High,High
10404797,Low,High
10587880,Medium,High
10645565,High,High
10477492,Low,High
10398977,Low,High
10000485,High,Medium
10012726,Medium,Medium
10406222,Low,Medium
10997222,Low,Medium
10629024,Low,Medium
10245105,Low,Medium
10287501,Low,Medium
10106752,Low,Medium
10098488,Low,Medium
10457698,Medium,Medium
10720147,Low,Medium
10223114,Low,High
10535162,Low,High
10514184,Low,High
10455190,Medium,High
10050083,High,High
10233059,Medium,High
10439491,High,High
10703575,Low,High
10280691,Low,High
10231317,Low,High
10190774,Low,High
10843161,Low,High
10963794,Medium,Medium
